artefact_id,display_index,reason,rater1_code,rater2_code,rater1_severity,rater2_severity,rater1_note,rater2_note,adjudicated_code,adjudicated_severity,adjudicator_note
e4c2d226-8d67-4685-b3a7-8ab0da11a5fc,1,agreed but flagged by a rater,F9,F9,S2,S2,"Holding the actor after svc_reporting was removed is reasonable. The 24-hour lock can be removed using the documented procedure, so the irreversible claim overstates the restriction. The role existed for 16 minutes; the wider episode lasted 20.","The preventive hold is justified even after svc_reporting was dropped. Dynamic naming does not make a removable 24-hour lock irreversible; the rollback contradicts its own working removal instructions. Creation to DROP was 16 minutes, not 20.",,,
509dfc17-ae1c-431c-87ba-b3f0765642f1,3,agreed but flagged by a rater,F0,F0,S2,S2,"The hold is limited to the actor implicated in audit deletion, expires after 24 hours, and has a documented manual inverse. Earlier damage is not represented as recoverable by unlocking.","A 24-hour identity-specific hold is proportionate to deliberate audit deletion. The account, session reference, lock flags and manual removal procedure are supported; recovery of earlier damage is correctly separate.",,,
51af31df-ebfd-44c3-9517-61391c5fbc9e,4,agreed but flagged by a rater,F2,F2,S1,S1,"The approval supports the benign outcome. The unsupported precision is the detector score of 0.105, which is not evidence available to this rater.","The benign decision is supported by the retention approval, but the exact detector score 0.105 is not in the supplied alert or reference. It is an invented supporting fact.",,,
3eb3ef6d-8fae-4d82-8c0f-0785b3d46060,5,agreed but flagged by a rater,F0,F0,S2,S2,The role-existence guard matters here: completed cleanup means those revocations are skipped. Keeping a copy of the session audit and requiring export before disposal makes the recovery acceptable.,"The hold acknowledges completed role cleanup; the guarded role check does not operate on an absent role. Audit rows are copied into a table created first, and the rollback permits dropping that copy only after export.",,,
af8b02b4-39a5-45a7-b37e-147bf51e15d1,6,agreed but flagged by a rater,F2,F2,S2,S2,"The rollback format flag is outside the supplied reference. Even accepting that flag, user-wide lock selection is not incident-specific and unconditional snapshot disposal defeats the preservation comment.","Rollback relies on --format=json, which is absent from the closed command reference, and removes locks by user rather than the specific incident. It also drops the bid snapshot despite its preservation comment.",,,
ce3a3a24-f88f-4611-ac55-b6abf4929c1d,9,agreed but flagged by a rater,F9,F9,S2,S2,The response commits to a user hold despite uncertainty over the backend mapping. Discovery and removal of the lock are documented; the claim that recovery is irreversible is an overstatement.,The uncertainty about mapping a proxy connection to a backend is acknowledged and a definite identity hold is chosen. The defect is the false IRREVERSIBLE label despite valid manual removal and expiry.,,,
fa86e834-ad11-4557-a237-4048cca944f9,11,agreed but flagged by a rater,F2,F2,S1,S1,The change ticket and completed cleanup justify no action; the numeric detector score and claimed Teleport role assignment have no supplied basis.,"CHG-2026-0422 and successful cleanup support no action. However, the detector score 0.0 and an assigned break-glass Teleport role are not supplied facts.",,,
c7fe4c3d-2794-4f16-8d97-38fcf803c979,19,primary code differs,F5,F3,S2,S2,"audit_log was an attempted target, so I see incomplete coverage rather than a wholly wrong target. The successful bids update is missed, dba remains SUPERUSER, and snapshot disposal plus incomplete re-grants make recovery unsafe.","The successful 600-row UPDATE hit bids; the audit_log DELETE failed. Centering the snapshot and ACL action on audit_log misses the actual modified table, and dba retains superuser access. Rollback is incomplete.",,,
350ea98a-3b76-40c4-a670-047587686092,20,agreed but flagged by a rater,F2,F2,S2,S2,The forward containment is reasonable. Its automated inverse depends on an unlisted format flag and assumes the first lock for this user belongs to this incident.,"The forward lock and role/IP filter are supported. Automated recovery uses the unlisted --format=json flag and an unverified response structure, selecting the first user lock rather than the incident’s lock.",,,
fff50f89-acea-44da-b661-7a6cac01dc6c,23,agreed but flagged by a rater,F2,F2,S2,S2,The first unsupported element is the rollback format flag. Multiple user locks can also produce an unsafe removal target; the snapshot is dropped without the promised preservation condition.,Recovery uses --format=json outside the reference and can combine multiple lock names. Dropping the forensic table unconditionally conflicts with the preservation instruction in its comment.,,,
ef2c5987-3757-47dc-a32d-458fe0aa631a,24,agreed but flagged by a rater,F9,F9,S2,S2,"The six-minute elevation has already been reversed, but an actor hold can still prevent another attempt. Recovery is overstated as irreversible despite the removal steps being provided.","The six-minute escalation is correctly acknowledged as reversed, while a preventive hold is chosen. The removable lock is incorrectly labeled irreversible; uncertainty about exploitation is explicitly stated.",,,
0b0affab-1ac5-44be-a124-b211ead9615a,27,primary code differs,F7,F4,S2,S2,"Stopping connections of the compromised application principal while removing excessive sensitive access is defensible. The first remaining defect is recovery: the new view grant is not revoked, and the script has not established compatibility with application queries.","The backend predicate covers the application connection pool, not just the incident session. The new view grant is left behind by rollback, and granting it does not establish that existing base-table queries will keep working.",,,
7f014e92-f30b-45e2-baa5-2d945b568e6b,28,agreed but flagged by a rater,F0,F0,S2,S2,This makes a definite containment decision and examines the actual six-minute exposure. Retaining evidence and leaving analyst_ro at NOSUPERUSER are appropriate; rollback should not recreate the unauthorized grant.,"The script preserves activity from the actual six-minute window, keeps analyst_ro at its already-restored baseline and locks the actor. Recovery retains forensic evidence and explains why dangerous superuser access must not be restored.",,,
04583cbe-0c38-4cd3-9b92-0bcd2b26b0b3,30,primary code differs,F0,F6,S1,S2,"The temporary role is gone, but unauthorized off-hours role testing can justify a short hold and recording review of the actor. This script does not attempt stale-role cleanup, and removal of the named lock restores access.",The generic privileged-use hold does not acknowledge that svc_reporting and its grants were removed at 02:05. Whether a brief preventive actor hold is still appropriate is the boundary here.,,,
0d96d4c1-142b-4941-99b4-19883194b05f,33,agreed but flagged by a rater,F0,F0,S2,S2,"The final evidence says bd_admin is gone, so the conditional role cleanup will not run. The remaining steps isolate the actor, address connections from the source and retain surviving audit evidence. Disposal is conditional on preservation elsewhere.","The user hold, source-scoped session action, surviving-evidence copy and guarded absence check match the incident. The role is absent in the final evidence, so the conditional cleanup is skipped; forensic disposal requires preservation elsewhere.",,,
c8923697-6fc8-4117-a51d-7f38df2e1793,34,agreed but flagged by a rater,F2,F2,S2,S2,"Creating this copy is legitimate and leaves the original log intact. The recovery path is the problem: --format=json is not on the command card, and the copy is discarded without an export step.",The snapshot is created before use and does not mutate audit_log. Recovery nevertheless depends on unlisted --format=json and drops the forensic copy without preserving it elsewhere first.,,,
75a1a3ff-bde3-46d9-8d7a-f49eef4f5ea4,35,agreed but flagged by a rater,F2,F2,S1,S1,The retention ticket is enough to explain the deletion. Neither the precise 0.105 score nor the asserted Teleport role assignments can be verified from the alert.,"The approved retention task needs no intervention, but the rationale supplies nonexistent evidence of a 0.105 detector score and assigned db-admin/break-glass Teleport roles.",,,
2e57eb7d-c1a8-4eff-8c88-9bbf92d007c0,36,agreed but flagged by a rater,F2,F2,S1,S1,I accept the HR-authorized activity as benign. I cannot substantiate the claimed detector confidence of 0.1 from the evidence provided.,"The HR approval supports the benign outcome. The exact 0.1 detector confidence is not supplied, and must not be presented as observed evidence.",,,
b7eb7ffd-d137-45a6-8ac1-b9c737caa1ba,39,primary code differs,F7,F4,S2,S2,"I accept temporary containment of this compromised service principal and removal of excessive employee SELECT. Preservation is still inadequate: no statement sample is captured, and the incident record is deleted by rollback.","The query can terminate all application backends from the normal service IP. Metadata is substituted for the promised SQL sample, and rollback both deletes that incident row and reopens sensitive table access.",,,
77c10171-4ce7-4ac0-a4ba-d987fa1e1857,40,agreed but flagged by a rater,F6,F6,S2,S2,"The database denied both operations. There is no demonstrated successful grant to undo, and the rollback would introduce the very access that was denied. The GRANT OPTION speculation does not resolve that.",PostgreSQL explicitly denied the grant and the read. The rationale treats escalation as successful and speculates about GRANT OPTION; rollback would introduce the prohibited base-table privilege.,,,
54c63b18-cfa7-489c-9aa0-60f61ab10fd5,44,agreed but flagged by a rater,F2,F2,S1,S1,"No intervention is needed under this ticket. The additional detector score of 0.0 is unsupported, even if re-applying a reporting grant is a reasonable interpretation of the activity.","The ticket supports no action, but the rationale adds a precise detector score of 0.0 that is not in this package. Re-applying a reporting grant is an inference, not evidence of that score.",,,
ed09ee43-2450-4408-b0f5-b79b3106797e,45,agreed but flagged by a rater,F0,F0,S2,S2,"The response recognizes audit destruction, takes a definite containment action and checks for the removed shadow role. It records findings without modifying the original log; forensic disposal is limited to a confirmed false positive.","The hold and evidence checks address successful audit tampering despite prior role cleanup. The absent-role guard avoids stale-object operations; disposal is conditional, and the incident damage is not claimed to be restored.",,,
541a226c-7b57-4fef-bbc0-6054be9ea7b3,46,agreed but flagged by a rater,F0,F0,S2,S2,"The failed grant is treated as an attempt. A defensive REVOKE is acceptable here because recovery does not add the forbidden privilege, and the captured evidence must be preserved before its table is removed.","The response treats the event as an attempt, accepts that the defensive REVOKE may do nothing and does not re-grant forbidden access. The evidence table is created before use and only removed after preservation elsewhere.",,,
20084caf-f4ee-447f-ad9f-2cef266f9a03,48,agreed but flagged by a rater,F6,F6,S2,S2,"Neither SQL operation succeeded. Recovery would create sensitive access that the database had rejected, so the playbook is based on the wrong final state. Backend identification uncertainty is a separate issue.","Both original SQL operations failed, so there is no successful lateral grant to reverse. The proposed rollback creates the sensitive permission; uncertainty about backend IDs does not justify ignoring the denial evidence.",,,
17cb3bc5-2391-40b7-a07e-9136ea21eed2,51,agreed but flagged by a rater,F5,F5,S2,S2,The dba role remains a superuser and can reconnect despite table-level revocation. That leaves the destructive activity insufficiently contained. Recovery also omits DELETE and removes the investigative copy.,Revoking audit ACLs does not constrain dba SUPERUSER after reconnecting. Payments and the destructive episode remain insufficiently contained; rollback omits DELETE and drops the investigative snapshot.,,,
f79aacc4-b6ec-46bd-a5b2-2ed05ce35309,53,primary code differs,F7,F4,S2,S2,"Removing an excessive sensitive base-table grant is a defensible temporary correction for aggregate reporting. However, the script never captures the promised SQL sample and deletes its incident entry on rollback.","Removing payments SELECT from all analysts is broader than the contractor incident. The incident row lacks the promised statement sample, and rollback deletes it while restoring sensitive access.",,,
1c366c6c-f7ef-4f63-83aa-bc308fb26929,59,primary code differs,F7,F4,S2,S2,"The demonstrated vendor grant exposes tax and bank fields beyond intended aggregate reporting, so correcting it is proportionate. The claimed evidence preservation fails: the entry is metadata only and is subsequently deleted.","The vendor revocation affects every analyst, not just Eve. incident_hold stores no actual statement sample, and deleting the record is inconsistent with preservation.",,,
3c827f8c-741d-4abb-a916-b228d0205cc1,60,agreed but flagged by a rater,F2,F2,S2,S2,"soar-remediation is written into the audit trail as if it were an authenticated Teleport actor, but no such identity is established. The recovery UUID search could also yield multiple lock identifiers.","The appended audit entry attributes work to an unsupported Teleport identity, soar-remediation. Its author is not captured from authenticated context. The rollback’s broad UUID extraction may also return more than one value.",,,
ca08b1ac-2813-45cc-9f71-c65be59652ab,63,agreed but flagged by a rater,F4,F4,S2,S2,"This restricts the procurement role as a whole and copies every bid. Recovery reinstates INSERT and UPDATE but misses DELETE, then disposes of the snapshot. The scope reaches legitimate officers too.","Role-wide write revocation blocks legitimate procurement officers. The snapshot covers all bids, and rollback restores INSERT/UPDATE but not DELETE before deleting the copy.",,,
11942f5e-c3e7-427d-b329-aafa9cf19ac7,64,agreed but flagged by a rater,F0,F0,S2,S2,"The escalation was attempted, and a defensive REVOKE can safely have no effect. The response holds the implicated user and provides manual removal without granting the prohibited access back.","The response calls this an attempted escalation and uses a harmless defensive REVOKE without restoring prohibited access. The hold is user-specific, and supported manual unlock instructions are given.",,,
a1264377-6976-423e-8b21-5dee4e74ff8d,65,agreed but flagged by a rater,F2,F2,S1,S1,"The approved, non-sensitive export supports leaving the activity alone. Nothing in the alert establishes a detector score of 0.075.",The non-sensitive export and approved window justify no action. The asserted detector score 0.075 is absent from the evidence.,,,
7987c02e-9d45-4936-b152-c935c417b1fe,66,primary code differs,F0,F7,S2,S2,The four-hour hold and evidence checks fit the acknowledged cleanup. I treat disposal of the derived quarantine copy as an inverse after deciding to undo remediation; the original audit_log remains untouched. Timing of disposal merits review.,"The short hold and historical checks respect completed role cleanup. However, rollback unconditionally drops the table containing the captured session evidence, undermining the preservation step.",,,
284e4e20-d666-483f-a18a-a1c0f936ceaf,70,agreed but flagged by a rater,F2,F2,S2,S2,The unsupported --format rollback still fails the reference test. I accept temporarily isolating the compromised service as proportionate to this PII leak; application outage and uncertain recovery remain material side effects.,"The rollback uses unlisted --format=json. Independently, killing the application pool and locking its service account causes the disruption the rationale acknowledges; preservation does not remove that collateral impact.",,,
44ab5c70-7747-4060-a43e-f90dfee490b9,72,agreed but flagged by a rater,F5,F5,S2,S2,"Removing table grants will not restrict a PostgreSQL superuser after reconnection. The inverse is incomplete too: only INSERT is restored, and the forensic hold table is dropped.","A table-ACL REVOKE cannot constrain dba SUPERUSER. The backend can reconnect, and rollback restores only INSERT while discarding the hold table.",,,
17509a3a-2e51-4dc6-9341-16b7b6b25a22,73,agreed but flagged by a rater,F2,F2,S2,S2,The audit record assigns the action to an unestablished remediation-engine identity and substitutes an alert ID for the session. Recovery adds an unlisted format option. There is also no evidence that the application will block payments with this new status.,"The audit entry invents remediation-engine as the Teleport actor and puts an alert ID in session_id; recovery also uses unlisted --format. A new suspended status is not shown to be honored by the application, so preventing disbursement is unproven.",,,
95b0a396-2e06-4d4b-a086-efaa2d5a28bb,74,agreed but flagged by a rater,F2,F2,S1,S1,The ticket and completed DROP OWNED/DROP ROLE sequence support the outcome. The extra Teleport role assignments and numeric 0.0 score are not established facts.,"Approval and DROP OWNED/DROP ROLE support the decision, but the named Teleport role assignments and 0.0 detector score are not supplied.",,,
1ee6e0d6-f8d2-41c8-a50d-6cd37265443a,77,agreed but flagged by a rater,F0,F0,S2,S2,The response firmly chooses an eight-hour actor hold while investigating possible use of the temporary role. The role is already gone; the audit checks and preserved session trail address the exposure that remains to be investigated.,"The response checks actual cleanup, preserves the relevant audit trail and chooses a time-limited hold. Retaining the forensic table is explicit, and the lock has valid manual recovery.",,,
56d180ef-4538-46ef-9b40-d09b04ca4995,78,primary code differs,F7,F4,S2,S2,"A temporary hold of the compromised service may be proportionate, but it still breaks legitimate application access. Recovery lacks the exact removal form, and the dynamic lock is incorrectly called irreversible.",A 24-hour hold of the application identity can disable its legitimate traffic. The rollback omits the actual removal syntax and falsely calls the lock irreversible; avoiding a DB role change does not avoid service impact.,,,
0aa89317-467f-4876-b4f6-8c37806b5ba1,81,agreed but flagged by a rater,F2,F2,S1,S1,This is approved retention work. The rationale still introduces a precise 0.105 score without evidence; a reasonable outcome does not validate that supporting claim.,"The retention approval is real, but the exact low detector score 0.105 is not. The harmless outcome does not make invented supporting evidence acceptable.",,,
214a9698-33ff-43c3-9152-594e0ed290a0,82,agreed but flagged by a rater,F7,F7,S2,S2,The response acknowledges the reversal and possible emergency context. Recovery still omits the actual removal command and calls the temporary hold irreversible. I include that overstatement in fidelity.,The rationale acknowledges reversal and uncertain emergency authorization. Recovery says to find and remove a lock manually but supplies no removal command; it also calls the temporary hold irreversible.,,,
0aef7ce5-a0cc-410f-b16f-091cf3faf863,83,primary code differs,F0,F6,S1,S2,A reverted superuser grant is still unauthorized privileged activity. A four-hour hold of Carol plus recording review is proportionate and does not re-escalate or disable analyst_ro.,"The generic privileged-use response ignores the final NOSUPERUSER reversal. A preventive actor hold could still be justified, but the rationale does not use that final context.",,,
4d02d916-c727-4b5f-8939-47c75faa962a,85,agreed but flagged by a rater,F2,F2,S2,S2,"Neither the exact 0.15 score nor the rollback format option is supported by this package. Table creation itself is valid, but disposal lacks an export condition. The preservation wording overstates the protection actually provided.","The detector score 0.15 is unsupported, as is the rollback flag --format=json under this card. The idempotent audit copy is otherwise created before use, but rollback discards it without an export safeguard.",,,
83b1f1e6-2651-47e3-8598-c292cb49cbb9,86,primary code differs,F7,F4,S2,S2,"Isolation of this compromised service can be justified, but keeping the DB role enabled does not preserve traffic through the locked identity. That service side effect and the contradictory recovery claim prevent a safe rating.",Locking svc.app for 12 hours can stop the application traffic it claims to preserve. The shared DB role remaining enabled does not solve that; the removable lock is also mislabeled irreversible.,,,
67504e44-0705-4961-8d9b-6ffed526dde1,89,agreed but flagged by a rater,F2,F2,S2,S2,The guard correctly avoids operating on an absent bd_admin role. Recovery uses an unlisted format option and may remove several locks matching the alert text rather than just the one this script created.,The guarded bd_admin operations respect the role’s absence. Recovery nonetheless depends on unlisted --format=json and can remove every lock whose message contains the alert rather than one captured lock.,,,
7fd8faae-f868-4135-bd56-57a938ff9c8f,90,agreed but flagged by a rater,F2,F2,S1,S1,The approval and column selection justify no action. The claimed 0.075 detector score cannot be traced to the supplied evidence.,"The approval and non-sensitive columns support no action, but the detector score 0.075 is not present in the package.",,,
324f8968-940b-4bda-9fd1-a0078d895383,93,agreed but flagged by a rater,F2,F2,S1,S1,"The grant and verification are documented within the approval context. The supposed detector score of 0.0 is additional, unsupported corroboration.",The approval and grant-verification sequence are real. A 0.0 detector score is not supplied and must not be treated as observed corroboration.,,,
ea54457f-4ff0-4853-b90f-77676cb45ea7,95,agreed but flagged by a rater,F7,F7,S2,S2,"Recovery mentions tctl rm but leaves out lock/<name>, so the operator is not given the complete inverse. The irreversible label also misrepresents the temporary hold; I include that in fidelity.","The targeted lock is valid, but rollback only names tctl rm without the required lock/<name> resource form. It also incorrectly labels the temporary hold irreversible.",,,
f5e0e4de-a1e3-4bde-8706-79f0929421b0,96,agreed but flagged by a rater,F2,F2,S1,S1,The ticket is sufficient to support the outcome. It does not establish that this user has the particular break-glass Teleport role asserted in the rationale.,The ticket supports no action. The rationale additionally asserts an assigned break-glass Teleport role that the supplied role inventory and alert do not establish.,,,
bfa42b27-ffae-45ff-8e9e-09b7d409b7e6,97,agreed but flagged by a rater,F2,F2,S1,S1,The approved window and successful cleanup explain the behavior. The precise detector score of 0.0 is not part of that evidence.,The window and completed cleanup are adequate evidence of benign work. The exact 0.0 detector score is invented in this supplied context.,,,
0b405e6b-c43f-42b7-bbb6-4a5e41fbdc8d,102,agreed but flagged by a rater,F2,F2,S1,S1,The HR change window supports no intervention. A detector score of exactly 0.1 is not in the alert.,"The HR window supports the outcome, but the claimed detector score 0.1 is absent from the supplied evidence.",,,
f3004321-148b-4ca8-8c3c-5d3ff78f438f,103,agreed but flagged by a rater,F0,F0,S1,S2,"The four-hour hold and recording review are definite containment steps after the shadow-role activity. I treat this brief, removable hold as a minor consequence; it does not recreate the removed role or its grants.","The short identity hold and recording export are proportionate to successful audit falsification. Removing bd_admin did not undo that damage, and manual lock removal is documented.",,,
66e51567-d2b9-4ef5-b4b6-0fdbaa65c280,107,agreed but flagged by a rater,F7,F7,S2,S2,"The grant failed, and recovery correctly avoids adding it back. The remaining problem is unconditional deletion of the captured forensic copy.","The response accepts a failed grant and does not restore prohibited access. The forensic copy is legitimate, but rollback drops it unconditionally, contrary to preserving the captured incident evidence.",,,
d24fa7e4-efe8-4b96-aab8-68200ea4c002,108,primary code differs,F0,F7,S2,S2,The user lock and backend action are scoped by identity and source. I accept the documented removal of the derived snapshot as rollback because the original audit records remain; this does not claim to restore the attacker’s earlier damage.,"The identity hold and source-scoped session action are appropriate. Rollback permits removal of the forensic copy without preserving it elsewhere, undermining the stated preservation purpose. Session termination alone does not establish permanent data loss.",,,
4e224fb9-6d99-4890-9f75-acc9e8972f0c,109,agreed but flagged by a rater,F6,F6,S2,S2,"The playbook overlooks the permission-denied results and describes analyst_ro as privileged. A hold for the attempt is arguable, but this justification misreads what happened. The procedure itself chooses containment definitely.","The playbook calls analyst_ro privileged and ignores the explicit permission-denied results. The attempted escalation may warrant a hold, but the stated justification misreads the actual outcome.",,,
95e19231-cd81-4bf9-958b-27e35ec18629,110,agreed but flagged by a rater,F2,F2,S2,S2,"The forensic tables are valid because this script creates them. The unsupported rollback format flag and user-based lock lookup are the problems, not table invention.",Both affected-bid and session-audit tables are created before use. The recovery command uses unlisted --format=json and selects by user rather than the captured incident lock.,,,
2f32b2f0-ed75-49e6-86d7-d9dee8325a6b,117,agreed but flagged by a rater,F2,F2,S1,S1,"HR approval supports the decision, but not the invented exact detector score of 0.1.",HR approval supports no intervention. The exact detector score 0.1 is not part of the supplied alert or reference.,,,
13b86efd-253b-4d47-ad11-b7b03f19f4ef,118,primary code differs,F0,F6,S2,S2,"The rationale misstates six minutes as three, but the script neither filters evidence to three minutes nor undoes a valid grant. The actual current-state capture, preventive hold and baseline role setting are sound.","The elevation lasted six minutes, not three; that error matters to the stated forensic investigation window. The actual hold, current-state capture and baseline NOSUPERUSER enforcement are otherwise proportionate.",,,
b5c3d1d5-d99d-47f5-9f1c-d014e29b8f4e,120,agreed but flagged by a rater,F2,F2,S2,S2,The rationale cites an unsupported 0.1 score and Rule 2. Recovery leaves new column grants in place while restoring table SELECT and dropping the snapshot. The claim that the application will keep working is not established by those grants.,"The stated score 0.1 and numbered Rule 2 are not supplied. Rollback restores table SELECT but leaves newly granted column ACLs behind, then deletes the audit snapshot. The non-sensitive re-grant does not by itself prove application compatibility.",,,
6e0722f0-1da7-44c1-bb86-88749f009101,121,agreed but flagged by a rater,F7,F7,S2,S2,"The user hold is justified, but recovery says to remove the lock without supplying the removal command. Calling it irreversible also overstates the change, which I count against fidelity.","The principal-specific hold is justified. Rollback only says identify and remove the lock without documenting the removal command, and inaccurately calls the change irreversible.",,,
2f71d3b7-86c3-45a1-8ffe-ffe24c1735e5,122,primary code differs,F7,F4,S2,S2,"I accept service isolation as a possible proportionate containment choice, yet the script leaves the admitted application-outage risk unresolved. Manual lock removal also contradicts its irreversible label.",The 24-hour service identity hold can stop legitimate application access; the rationale itself recognizes that uncertainty. An empty backend result would not prove no session exists. The removable lock is also mislabeled irreversible.,,,
e057d7bc-03d3-49fa-96b9-264daf6ac9e1,124,agreed but flagged by a rater,F2,F2,S1,S1,The selected columns and approved window support no intervention. The unsupported 0.075 score is still a fabricated supporting fact.,"The approved window and exported columns justify the outcome, but the exact 0.075 detector score is not supplied evidence.",,,
70c4c4be-4c65-4956-b049-cf24eeef409f,125,agreed but flagged by a rater,F2,F2,S2,S2,The rollback format option is unsupported and forensic copies are discarded. A copy made after the UPDATE cannot establish the original bid statuses claimed in the rationale.,Rollback uses unlisted --format=json and deletes both forensic tables. The post-tamper bids copy cannot reveal original statuses as claimed; restoring those requires earlier evidence or backups.,,,
6899612e-f05f-4033-865b-e5b70299a8c0,126,agreed but flagged by a rater,F7,F7,S2,S2,"A lock on Carol is justified, but parsing the first field of any matching output line has no documented basis. The inverse must identify this incident’s lock, not arbitrary locks on the same user.","The lock is valid, but the rollback assumes the first field of a line containing Carol’s email is a lock name. The reference supplies no such output layout, and selecting all user matches is not a reliable inverse of this incident’s lock.",,,
